trial,learning_rate,max_depth,min_child_weight,reg_alpha,reg_lambda,n_estimators,alpha,beta,MSE_train,MSE_test,MSE_train_uncensored,MSE_test_uncensored,RMSE_train,RMSE_test,RMSE_train_uncensored,RMSE_test_uncensored,R2_train,R2_test,R2_train_uncensored,R2_test_uncensored,MAE_train,MAE_test,MAE_train_uncensored,MAE_test_uncensored,MedianAE_train,MedianAE_test,MedianAE_train_uncensored,MedianAE_test_uncensored,PredIn90_train,PredIn90_test,PredIn90_train_uncensored,PredIn90_test_uncensored,PredIn180_train,PredIn180_test,PredIn180_train_uncensored,PredIn180_test_uncensored,PredIn360_train,PredIn360_test,PredIn360_train_uncensored,PredIn360_test_uncensored,Cindex_train,Cindex_test,Cindex_train_uncensored,Cindex_test_uncensored,test_fold,best_trial,best_value,elapsed_time,dataset,method,n_features,n_patients,processed,is_best_trial
0,0.4228517846555483,10,0.10113231069171438,0.16193110912440742,0.03863879405158731,10,36.206007257447396,108.81335003635891,2456.0576,1173050.8,103.51729,372463.12,49.558628,1083.0747,10.174345,610.29755,0.9922289848327637,0.37440311908721924,0.9995110630989075,0.3663671016693115,8.567908,598.8436,5.71418,376.23627,4.414795,291.95215,3.62677,234.21658,0.9964812559209636,0.1506276150627615,0.9994308480364257,0.1881720430107527,0.997563946406821,0.3288702928870293,0.9994308480364257,0.3897849462365591,0.998375964271214,0.5841004184100418,1.0,0.6881720430107527,0.9910916663491728,0.7242853296234798,0.992902320776949,0.7284106402111797,ArQ,1,334.92515806518674,8546.035772800446,encals,XGBoostMAEPOReg,7,8584,2024-11-29 17:51:01,False
1,0.40279979948836325,8,4.250025692592619,5.5065298979459945,0.06573686655138336,90,12.082666253305458,1026.6030035164245,23009.914,1277799.5,13401.387,311835.7,151.69019,1130.398,115.76436,558.4225,0.9271959662437439,0.3185398578643799,0.9367047548294067,0.46950632333755493,97.74912,599.8817,83.789665,353.31946,67.77991,302.2796,61.450745,247.7362,0.6084720530518338,0.18326359832635983,0.6459874786568014,0.18548387096774194,0.8647990255785627,0.31715481171548116,0.9032441661923734,0.34139784946236557,0.9765868182433347,0.5790794979079498,0.9886169607285145,0.696236559139785,0.9018118747884418,0.7316690414217116,0.895959857462458,0.73647492240304,ArQ,1,334.92515806518674,8546.035772800446,encals,XGBoostMAEPOReg,7,8584,2024-11-29 17:51:01,True
2,0.4231317543434557,8,1.4898306920928144,0.0620020367716472,15.957993164212978,100,87.15103205978144,1193.8997108268645,41256.7,1147342.2,22820.27,286507.1,203.11745,1071.1406,151.0638,535.26355,0.8694626092910767,0.38811367750167847,0.892219066619873,0.5125951766967773,125.20401,570.5744,101.88621,328.76846,82.394226,280.48315,70.32727,224.41989,0.5280822844769252,0.17573221757322174,0.5890722822993739,0.22311827956989247,0.7904993909866017,0.35313807531380753,0.8400682982356289,0.41397849462365593,0.9478955203681148,0.606694560669456,0.9721115537848606,0.7338709677419355,0.8797918027474665,0.7568311605259614,0.8781695916449953,0.758724218953964,ArQ,1,334.92515806518674,8546.035772800446,encals,XGBoostMAEPOReg,7,8584,2024-11-29 17:51:01,False
3,0.8776252607730779,12,0.9419376925608013,0.01432910723846785,0.04778831065857701,90,19.726066891840954,183.36771578903645,2355.5232,1322140.4,36.569355,457975.66,48.533733,1149.8436,6.0472603,676.739,0.9925470352172852,0.29489248991012573,0.9998272657394409,0.2208935022354126,1.8717475,649.09265,0.18291219,416.40256,0.0012817383,327.2221,0.0010681152,260.00888,0.9967519285424279,0.16401673640167364,0.9994308480364257,0.18548387096774194,0.997563946406821,0.30711297071129706,0.9994308480364257,0.3629032258064516,0.998375964271214,0.5364016736401673,1.0,0.6344086021505376,0.9990564840453012,0.7033346609522955,0.9996158857208112,0.696516114060279,ArQ,1,334.92515806518674,8546.035772800446,encals,XGBoostMAEPOReg,7,8584,2024-11-29 17:51:01,False
4,0.9583106348489969,8,6.949583428109686,0.1828363420984453,5.571905096939268,90,11.34657614700661,1780.053047046497,10414.922,1291058.6,5224.51,351275.06,102.05353,1136.2476,72.28077,592.68463,0.967046856880188,0.31146860122680664,0.9753244519233704,0.4024121165275574,62.3887,628.248,51.972084,392.27612,42.72174,348.48608,37.08716,299.58286,0.786709974286101,0.15732217573221757,0.8343767785998861,0.17204301075268819,0.9508729192042225,0.29372384937238494,0.9726807057484348,0.31989247311827956,0.9924211665989985,0.5179916317991632,0.9977233921457029,0.5940860215053764,0.9353467980796651,0.7121993223533636,0.9333879658034477,0.7248716386737447,ArQ,1,334.92515806518674,8546.035772800446,encals,XGBoostMAEPOReg,7,8584,2024-11-29 17:51:01,False
0,0.9889724780174297,10,2.8763955214376113,14.358772473434621,0.0258764101542105,50,5318.467494773384,76.0050493128347,2230.764,1111242.5,51.617622,810217.8,47.230965,1054.1549,7.1845407,900.121,0.9955933690071106,-0.5647128820419312,0.9997789263725281,-1.0296595096588135,4.494257,727.63354,2.6004982,617.049,1.7993469,493.80264,1.6812744,428.46216,0.9976435935198822,0.09531772575250837,0.9993678887484198,0.10054844606946983,0.9976435935198822,0.20624303232998886,0.9993678887484198,0.2340036563071298,0.9979381443298969,0.3935340022296544,1.0,0.4424131627056673,0.9958286541616618,0.6034346421921087,0.9968305699531629,0.6204472029706288,IDPP,2,354.81230422107546,8546.035772800446,encals,XGBoostMAEPOReg,7,8584,2024-11-29 17:51:01,False
1,0.29489758520048526,4,0.291732882915941,5.192089041374387,0.07022834985764341,30,298.34549048893894,14.457314723643993,100183.05,778054.4,63507.69,433768.47,316.51706,882.0739,252.00732,658.611,0.8020987510681152,-0.0955590009689331,0.7279894351959229,-0.0866241455078125,201.4014,564.5173,178.11043,398.46075,146.48865,348.01678,135.75423,240.78162,0.32032400589101623,0.1516164994425864,0.3255372945638432,0.1809872029250457,0.5939617083946981,0.29821627647714605,0.6365360303413401,0.376599634369287,0.8715758468335788,0.5150501672240803,0.893173198482933,0.6563071297989032,0.8057083288821492,0.6633116182187965,0.7932667219449415,0.7024980897355122,IDPP,2,354.81230422107546,8546.035772800446,encals,XGBoostMAEPOReg,7,8584,2024-11-29 17:51:01,False
2,0.578376429437093,4,5.934124815342514,6.295546558422284,0.025664790016446153,50,1211.1570825917515,174.79854309911977,86600.7,813363.7,55269.316,439974.44,294.27997,901.86676,235.09427,663.30566,0.8289293050765991,-0.14527714252471924,0.7632753252983093,-0.10217058658599854,193.9053,569.35944,172.97252,400.3315,139.16736,346.4277,133.42764,257.5031,0.34285714285714286,0.1426978818283166,0.34007585335018964,0.1846435100548446,0.6106038291605302,0.2809364548494983,0.629582806573957,0.3583180987202925,0.8726067746686303,0.5139353400222966,0.9013906447534766,0.6288848263254113,0.809605785757774,0.6527319546900479,0.7951971929734696,0.6927959569419682,IDPP,2,354.81230422107546,8546.035772800446,encals,XGBoostMAEPOReg,7,8584,2024-11-29 17:51:01,True
3,0.05945392435662629,8,6.671566987675909,1.1469815928006895,60.031476336384145,60,5131.044082788639,25.847831413807317,191770.73,598455.0,74687.266,303501.97,437.91635,773.59875,273.2897,550.91016,0.6211768388748169,0.1573304533958435,0.6801060438156128,0.23970365524291992,232.73572,502.95493,186.96223,359.6776,151.75769,320.21744,140.73657,256.43933,0.3,0.15774804905239687,0.3223767383059418,0.17915904936014626,0.5743740795287187,0.3015607580824972,0.6188369152970923,0.3583180987202925,0.8584683357879234,0.532329988851728,0.8938053097345132,0.6544789762340036,0.7992705269072998,0.6707223598902278,0.7926372379217503,0.7041938683861281,IDPP,2,354.81230422107546,8546.035772800446,encals,XGBoostMAEPOReg,7,8584,2024-11-29 17:51:01,False
4,0.14788358377825098,12,4.037000686156782,0.04585817723633227,51.29019161911274,40,1788.2832527607136,1506.5860993249594,100306.266,647527.1,40357.71,352924.38,316.71164,804.6907,200.89229,594.0744,0.8018553853034973,0.08823317289352417,0.8271433711051941,0.11589670181274414,176.07216,528.7539,143.07156,381.89105,117.69571,345.6555,111.52763,250.76227,0.4001472754050074,0.1605351170568562,0.404551201011378,0.20109689213893966,0.6807069219440354,0.29821627647714605,0.7275600505689002,0.38939670932358317,0.9131075110456554,0.5172798216276477,0.9443742098609356,0.6380255941499086,0.8457638405772556,0.6620757169191871,0.8374346505143121,0.6975448074319343,IDPP,2,354.81230422107546,8546.035772800446,encals,XGBoostMAEPOReg,7,8584,2024-11-29 17:51:01,False
0,0.8844730302937517,10,7.534330096870638,0.2486528079375972,0.12014662261383692,90,192.43034993057083,7843.684950031122,75.15038,626319.75,71.73334,366946.6,8.668932,791.4037,8.469554,605.76117,0.9999368190765381,-2.467906951904297,0.9998492002487183,-2.0370259284973145,6.3387036,552.2611,6.069765,434.7377,4.8049316,391.4118,4.616028,316.9935,1.0,0.12546916890080428,1.0,0.1446280991735537,1.0,0.25576407506702414,1.0,0.31239669421487604,1.0,0.4682752457551385,1.0,0.5446280991735537,0.9953964650515831,0.6094603231220466,0.9937978684028206,0.6211178806714455,PROACT,4,600.3237814308538,8546.035772800446,encals,XGBoostMAEPOReg,7,8584,2024-11-29 17:51:01,False
1,0.6668070828402636,10,1.2359851322384146,62.799622746789765,0.6304469295312833,60,167.65264451568498,51.41394643250001,42.286785,486455.0,34.48436,234212.2,6.502829,697.46326,5.8723383,483.95474,0.9999644756317139,-1.6934814453125,0.9999275207519531,-0.9384524822235107,4.69955,458.50055,4.2510986,336.9645,3.3966675,306.82132,3.1681213,241.63275,1.0,0.1708668453976765,1.0,0.2115702479338843,1.0,0.3218945487042002,1.0,0.39090909090909093,1.0,0.568722073279714,1.0,0.6694214876033058,0.9968252951093098,0.6290575205040163,0.9960186775745726,0.6402920672978233,PROACT,4,600.3237814308538,8546.035772800446,encals,XGBoostMAEPOReg,7,8584,2024-11-29 17:51:01,False
2,0.9043457253566313,8,0.12841623760847382,2.941573161810305,0.202572089167864,60,4548.061177879579,117.98024128079854,0.662518,780160.44,0.67911005,383986.88,0.8139521,883.2669,0.82408136,619.66675,0.999999463558197,-3.319716453552246,0.9999985694885254,-2.1780595779418945,0.6000143,530.38385,0.6004993,397.62033,0.45092773,332.9666,0.44747925,263.8134,1.0,0.15049151027703306,1.0,0.1975206611570248,1.0,0.2868632707774799,1.0,0.3504132231404959,1.0,0.532975871313673,1.0,0.6140495867768595,0.9997461401198989,0.6089987896500592,0.9995349587631801,0.6099330525151836,PROACT,4,600.3237814308538,8546.035772800446,encals,XGBoostMAEPOReg,7,8584,2024-11-29 17:51:01,False
3,0.9094497994106012,10,0.2566303041809072,52.20942797771148,5.802132870760368,100,32.886793022793,25.787381713852785,28.525984,433032.12,24.765121,231190.95,5.340972,658.05176,4.9764566,480.8232,0.9999760389328003,-1.3976812362670898,0.9999479055404663,-0.9134472608566284,3.5916185,452.62573,3.248924,342.46353,2.4423218,302.54767,2.2949219,247.12268,1.0,0.1613941018766756,1.0,0.20165289256198346,1.0,0.3127792672028597,1.0,0.38016528925619836,1.0,0.5653261840929401,1.0,0.6611570247933884,0.9975862025698775,0.6194248723618468,0.9966545502861427,0.6430331918294508,PROACT,4,600.3237814308538,8546.035772800446,encals,XGBoostMAEPOReg,7,8584,2024-11-29 17:51:01,False
4,0.9332695084067919,10,0.7534017099484186,10.516039540919325,10.363459483491251,100,1363.2461375504056,23.594614493955564,5.5635767,456590.56,4.9376736,234298.45,2.3587236,675.71484,2.2220876,484.04385,0.9999953508377075,-1.528123378753662,0.9999896287918091,-0.9391663074493408,1.4381355,466.16248,1.3352759,352.57687,0.84976196,324.98944,0.7908325,259.4075,1.0,0.1546023235031278,1.0,0.18760330578512396,1.0,0.2966934763181412,1.0,0.35619834710743803,1.0,0.5367292225201072,1.0,0.628099173553719,0.9991252701042237,0.6146919313650151,0.9986879193675439,0.6464708876973733,PROACT,4,600.3237814308538,8546.035772800446,encals,XGBoostMAEPOReg,7,8584,2024-11-29 17:51:01,True
0,0.4228517846555483,10,0.10113231069171438,0.16193110912440742,0.03863879405158731,10,36.206007257447396,108.81335003635891,2419.8323,1155410.2,60.741848,451792.44,49.19179,1074.9001,7.7937055,672.1551,0.9923436045646667,0.38381093740463257,0.999713122844696,0.23141241073608398,8.124707,630.23755,4.6793017,431.0363,3.5685425,323.8413,2.7162476,241.37772,0.9979699553390174,0.1598326359832636,0.9994308480364257,0.19086021505376344,0.998375964271214,0.31548117154811717,1.0,0.3924731182795699,0.998375964271214,0.5246861924686193,1.0,0.6397849462365591,0.9913999256862699,0.7252067158820625,0.9943862217169909,0.7172859919357178,ArQ,1,320.5422466078853,6433.153089761734,classes,XGBoostMAEPOReg,16,8584,2024-11-29 17:15:34,False
1,0.40279979948836325,8,4.250025692592619,5.5065298979459945,0.06573686655138336,90,12.082666253305458,1026.6030035164245,16003.754,1176162.1,7438.7515,421712.3,126.50594,1084.5101,86.2482,649.3938,0.949363648891449,0.3727438449859619,0.9648665189743042,0.28258460760116577,77.38263,630.94507,58.166016,411.15292,49.82727,365.72107,39.394897,253.77731,0.7213425362024631,0.14560669456066946,0.8116107000569152,0.17204301075268819,0.9110840438489647,0.2828451882845188,0.9516220830961867,0.3844086021505376,0.9825416159155501,0.49121338912133894,0.9948776323278316,0.6236559139784946,0.9228925194866361,0.7343630794776287,0.9331186965030028,0.7330229454935747,ArQ,1,320.5422466078853,6433.153089761734,classes,XGBoostMAEPOReg,16,8584,2024-11-29 17:15:34,True
2,0.4231317543434557,8,1.4898306920928144,0.0620020367716472,15.957993164212978,100,87.15103205978144,1193.8997108268645,26920.072,1215267.8,14103.737,367241.22,164.07338,1102.3918,118.759155,606.00433,0.9148241281509399,0.3518884778022766,0.9333875179290771,0.3752506375312805,99.788284,609.66754,76.32367,368.65515,62.267944,351.91284,50.32263,233.7037,0.6318852348084991,0.1707112970711297,0.7171314741035857,0.22580645161290322,0.8526187576126675,0.302928870292887,0.9151963574274331,0.4112903225806452,0.9631885234808499,0.5121338912133891,0.9795105293113261,0.6532258064516129,0.9023958862477026,0.7418491675268142,0.9150607834893149,0.7574333536390798,ArQ,1,320.5422466078853,6433.153089761734,classes,XGBoostMAEPOReg,16,8584,2024-11-29 17:15:34,False
3,0.8776252607730779,12,0.9419376925608013,0.01432910723846785,0.04778831065857701,90,19.726066891840954,183.36771578903645,2294.8528,1375855.6,3.37449,692586.56,47.90462,1172.9688,1.8369786,832.21783,0.9927390217781067,0.2662457823753357,0.999984085559845,-0.17822575569152832,1.5632881,718.7102,0.045043405,528.2054,0.0010375977,407.69623,0.0008544922,317.02356,0.998375964271214,0.14058577405857742,1.0,0.16129032258064516,0.998375964271214,0.2778242677824268,1.0,0.34946236559139787,0.998375964271214,0.4661087866108787,1.0,0.5456989247311828,0.9995336415572236,0.6939216555221469,0.999989618532995,0.6685812084820004,ArQ,1,320.5422466078853,6433.153089761734,classes,XGBoostMAEPOReg,16,8584,2024-11-29 17:15:34,False
4,0.9583106348489969,8,6.949583428109686,0.1828363420984453,5.571905096939268,90,11.34657614700661,1780.053047046497,7304.228,1303021.1,2444.3962,509168.22,85.464775,1141.4995,49.440834,713.56024,0.9768891930580139,0.30508893728256226,0.988455057144165,0.13380491733551025,46.314175,680.1029,34.756714,453.88458,30.149902,408.55518,25.562683,298.39062,0.881039382866423,0.15397489539748954,0.9328400682982356,0.21774193548387097,0.9756394640682094,0.2669456066945607,0.993739328400683,0.3521505376344086,0.9948572201921776,0.4610878661087866,0.9988616960728515,0.5698924731182796,0.9524645144237978,0.704242023066912,0.9578557858510987,0.6962985524903548,ArQ,1,320.5422466078853,6433.153089761734,classes,XGBoostMAEPOReg,16,8584,2024-11-29 17:15:34,False
0,0.9889724780174297,10,2.8763955214376113,14.358772473434621,0.0258764101542105,50,5318.467494773384,76.0050493128347,2204.1052,975595.2,3.2721338,607701.7,46.9479,987.7222,1.808904,779.55225,0.9956459999084473,-0.37371134757995605,0.9999859929084778,-0.5223405361175537,3.4334319,657.02466,1.2267816,515.2389,1.0877075,424.76093,0.88442993,343.07184,0.9979381443298969,0.11761426978818283,1.0,0.12979890310786105,0.9979381443298969,0.23690078037904125,1.0,0.28884826325411334,0.9979381443298969,0.4414715719063545,1.0,0.5301645338208409,0.9972944399715472,0.6328215940855917,0.9988202677047884,0.655552502111345,IDPP,2,331.2641525619072,6433.153089761734,classes,XGBoostMAEPOReg,16,8584,2024-11-29 17:15:34,False
1,0.29489758520048526,4,0.291732882915941,5.192089041374387,0.07022834985764341,30,298.34549048893894,14.457314723643993,66692.52,641351.56,46146.742,276319.12,258.24896,800.8443,214.81793,525.66064,0.8682558536529541,0.09692883491516113,0.8023483157157898,0.3077988624572754,171.06079,509.24786,145.0591,318.943,122.64456,313.75183,101.08035,201.9226,0.39322533136966126,0.1778149386845039,0.45448798988621997,0.26508226691042047,0.6652430044182621,0.3255295429208473,0.7420986093552465,0.4643510054844607,0.9022091310751105,0.5546265328874025,0.9266750948166877,0.7148080438756855,0.8301568163046226,0.6864263632398843,0.840059034636428,0.728052066436988,IDPP,2,331.2641525619072,6433.153089761734,classes,XGBoostMAEPOReg,16,8584,2024-11-29 17:15:34,False
2,0.578376429437093,4,5.934124815342514,6.295546558422284,0.025664790016446153,50,1211.1570825917515,174.79854309911977,58991.15,722696.44,40210.19,307102.78,242.88094,850.11554,200.5248,554.1686,0.8834691047668457,-0.017610907554626465,0.827775239944458,0.23068338632583618,162.2435,548.26715,138.34729,353.83716,115.5726,355.50473,99.87958,235.32458,0.4008836524300442,0.1488294314381271,0.45195954487989887,0.20840950639853748,0.6877761413843888,0.2959866220735786,0.7458912768647282,0.40036563071297987,0.9142857142857143,0.5061315496098104,0.93173198482933,0.6544789762340036,0.8379437396374261,0.6738132019020375,0.8448772085965187,0.7053768918321112,IDPP,2,331.2641525619072,6433.153089761734,classes,XGBoostMAEPOReg,16,8584,2024-11-29 17:15:34,True
3,0.05945392435662629,8,6.671566987675909,1.1469815928006895,60.031476336384145,60,5131.044082788639,25.847831413807317,154450.52,576509.3,64340.6,245104.56,393.00192,759.2821,253.6545,495.08035,0.6948990225791931,0.18823158740997314,0.7244219779968262,0.3859937787055969,201.35797,485.90887,157.77675,303.29495,122.10005,303.62482,103.365906,206.9596,0.3891016200294551,0.19007803790412486,0.4393173198482933,0.24680073126142596,0.6519882179675994,0.33444816053511706,0.7307206068268015,0.44972577696526506,0.8815905743740795,0.5652173913043478,0.9152970922882427,0.7184643510054844,0.8251734876178912,0.695975435022948,0.8341827832718123,0.7406363526683378,IDPP,2,331.2641525619072,6433.153089761734,classes,XGBoostMAEPOReg,16,8584,2024-11-29 17:15:34,False
4,0.14788358377825098,12,4.037000686156782,0.04585817723633227,51.29019161911274,40,1788.2832527607136,1506.5860993249594,75312.71,602735.4,32569.826,267159.62,274.4316,776.36035,180.47113,516.8749,0.8512275218963623,0.15130329132080078,0.8604997396469116,0.33074408769607544,147.95192,502.0253,115.214424,317.43326,91.1767,304.49,78.270966,211.64679,0.4952871870397644,0.1750278706800446,0.56826801517067,0.2449725776965265,0.7587628865979381,0.32608695652173914,0.8249051833122629,0.45521023765996343,0.931958762886598,0.5551839464882943,0.9532237673830595,0.7074954296160878,0.8686652266542989,0.685799546950251,0.877551151079367,0.7318927034599246,IDPP,2,331.2641525619072,6433.153089761734,classes,XGBoostMAEPOReg,16,8584,2024-11-29 17:15:34,False
0,0.8844730302937517,10,7.534330096870638,0.2486528079375972,0.12014662261383692,90,192.43034993057083,7843.684950031122,159.25597,631607.75,115.58262,363825.34,12.619666,794.73755,10.750936,603.1794,0.9998661875724792,-2.4971864223480225,0.9997569918632507,-2.011193037033081,8.593967,566.09143,7.4138517,459.23285,6.009033,416.92383,5.4711304,361.6053,0.9989963198394112,0.11492403932082217,0.998911860718172,0.14297520661157026,1.0,0.22734584450402145,1.0,0.2652892561983471,1.0,0.4421805183199285,1.0,0.4975206611570248,0.9937073894062681,0.5863987461130278,0.9925142596828229,0.5936525792298576,PROACT,3,578.0725052847938,6433.153089761734,classes,XGBoostMAEPOReg,16,8584,2024-11-29 17:15:34,False
1,0.6668070828402636,10,1.2359851322384146,62.799622746789765,0.6304469295312833,60,167.65264451568498,51.41394643250001,36.07455,491533.53,21.984356,244978.48,6.0062094,701.09454,4.688748,494.953,0.9999696612358093,-1.7216012477874756,0.9999537467956543,-1.027559518814087,4.1283226,467.39883,3.3503308,340.27054,2.803833,302.28314,2.5566406,235.46422,1.0,0.17372654155495978,1.0,0.2140495867768595,1.0,0.3297587131367292,1.0,0.4049586776859504,1.0,0.5613941018766756,1.0,0.6578512396694215,0.997135169967368,0.6422723784403035,0.9965311719988231,0.671845790875326,PROACT,3,578.0725052847938,6433.153089761734,classes,XGBoostMAEPOReg,16,8584,2024-11-29 17:15:34,False
2,0.9043457253566313,8,0.12841623760847382,2.941573161810305,0.202572089167864,60,4548.061177879579,117.98024128079854,0.57662183,764942.56,0.4096898,457964.38,0.7593562,874.6099,0.64007014,676.73065,0.9999995231628418,-3.2354555130004883,0.9999991655349731,-2.790332794189453,0.53126293,597.46136,0.4485932,480.0125,0.36853027,412.50916,0.32543945,346.16208,1.0,0.12475424486148347,1.0,0.14710743801652892,1.0,0.2484361036639857,1.0,0.29256198347107437,1.0,0.4478999106344951,1.0,0.5107438016528926,0.999805964116357,0.6158850737516415,0.9997983239534199,0.5960461023480886,PROACT,3,578.0725052847938,6433.153089761734,classes,XGBoostMAEPOReg,16,8584,2024-11-29 17:15:34,False
3,0.9094497994106012,10,0.2566303041809072,52.20942797771148,5.802132870760368,100,32.886793022793,25.787381713852785,25.72136,461589.12,14.220665,224635.72,5.071623,679.4035,3.7710297,473.95752,0.9999783635139465,-1.555800199508667,0.9999700784683228,-0.859192967414856,3.268352,484.96005,2.5531864,339.50223,2.0370483,360.40027,1.6934204,240.74924,1.0,0.14745308310991956,1.0,0.21570247933884298,1.0,0.27810545129579983,1.0,0.3950413223140496,1.0,0.4999106344950849,1.0,0.6528925619834711,0.9978418549292732,0.6505828915075218,0.9976178499909839,0.6675014574626191,PROACT,3,578.0725052847938,6433.153089761734,classes,XGBoostMAEPOReg,16,8584,2024-11-29 17:15:34,True
4,0.9332695084067919,10,0.7534017099484186,10.516039540919325,10.363459483491251,100,1363.2461375504056,23.594614493955564,5.29912,421775.72,2.9930584,196078.06,2.3019817,649.4426,1.7300458,442.80704,0.9999955296516418,-1.3353550434112549,0.9999936819076538,-0.6228361129760742,1.3572334,446.18704,1.0389704,311.70563,0.78302,314.50745,0.6452637,223.63327,1.0,0.1642537980339589,1.0,0.23636363636363636,1.0,0.3079535299374441,1.0,0.4223140495867769,1.0,0.5601429848078642,1.0,0.6983471074380165,0.9992157903086022,0.6294711734765189,0.9992193950667666,0.6789155109603926,PROACT,3,578.0725052847938,6433.153089761734,classes,XGBoostMAEPOReg,16,8584,2024-11-29 17:15:34,False
0,0.4228517846555483,10,0.10113231069171438,0.16193110912440742,0.03863879405158731,10,36.206007257447396,108.81335003635891,1638.1392,1055113.9,2.3547897,397917.34,40.47393,1027.1874,1.5345324,630.8069,0.9948168992996216,0.43729978799819946,0.999988853931427,0.32306450605392456,2.4136717,616.7594,1.0065265,409.54355,0.83358765,360.94336,0.65405273,287.54938,0.999187982135607,0.1514644351464435,1.0,0.1774193548387097,0.999187982135607,0.2711297071129707,1.0,0.3172043010752688,0.999187982135607,0.497071129707113,1.0,0.5940860215053764,0.9984862968613138,0.7588099672395997,0.9992142527160514,0.7791314942128622,ArQ,4,292.45238784978943,6646.031648874283,decayfeatures,XGBoostMAEPOReg,10,8584,2024-11-29 17:19:07,False
1,0.40279979948836325,8,4.250025692592619,5.5065298979459945,0.06573686655138336,90,12.082666253305458,1026.6030035164245,8534.459,1215010.9,2644.9438,388398.53,92.38213,1102.2753,51.429016,623.2163,0.972996711730957,0.35202544927597046,0.9875078201293945,0.3392578363418579,44.585747,629.1969,31.925396,411.2827,23.502563,350.5254,20.541626,280.49368,0.8869941805386385,0.14644351464435146,0.9425156516789983,0.16666666666666666,0.9607524698876708,0.2794979079497908,0.9874786568013659,0.3467741935483871,0.9910678034916768,0.507949790794979,0.9982925441092771,0.5967741935483871,0.9583908748929123,0.7325217093748597,0.963203539042102,0.7233632117889363,ArQ,4,292.45238784978943,6646.031648874283,decayfeatures,XGBoostMAEPOReg,10,8584,2024-11-29 17:19:07,False
2,0.4231317543434557,8,1.4898306920928144,0.0620020367716472,15.957993164212978,100,87.15103205978144,1193.8997108268645,18917.799,1121538.2,7907.9023,313544.3,137.54199,1059.027,88.926384,559.95026,0.9401435256004333,0.4018751382827759,0.962650716304779,0.46659958362579346,64.9263,583.3304,49.98927,364.37677,30.64856,349.1657,29.24939,267.84387,0.8225740966301258,0.14728033472803348,0.8651109846328969,0.16666666666666666,0.9212342671538774,0.2828451882845188,0.9590210586226523,0.3279569892473118,0.9765868182433347,0.5179916317991632,0.9897552646556631,0.6209677419354839,0.9413996488340727,0.7742330195664857,0.9467119298628089,0.7899805644997534,ArQ,4,292.45238784978943,6646.031648874283,decayfeatures,XGBoostMAEPOReg,10,8584,2024-11-29 17:19:07,False
3,0.8776252607730779,12,0.9419376925608013,0.01432910723846785,0.04778831065857701,90,19.726066891840954,183.36771578903645,1630.3411,1387667.9,9.879419e-07,584564.06,40.377483,1177.9932,0.0009939526,764.5679,0.9948415756225586,0.25994616746902466,1.0,0.005541801452636719,0.8997101,705.4998,0.0007209582,469.9436,0.00061035156,378.32397,0.0005493164,272.54358,0.999187982135607,0.14728033472803348,1.0,0.16129032258064516,0.999187982135607,0.29456066945606696,1.0,0.3763440860215054,0.999187982135607,0.4845188284518828,1.0,0.5967741935483871,0.9998247397250157,0.6985973051204954,1.0,0.7210570591477388,ArQ,4,292.45238784978943,6646.031648874283,decayfeatures,XGBoostMAEPOReg,10,8584,2024-11-29 17:19:07,False
4,0.9583106348489969,8,6.949583428109686,0.1828363420984453,5.571905096939268,90,11.34657614700661,1780.053047046497,3673.7393,1262818.6,721.0657,417453.4,60.611378,1123.7521,26.852667,646.1063,0.9883762001991272,0.32652926445007324,0.9965943694114685,0.2898297905921936,25.151573,651.5272,17.277851,418.2379,14.279846,374.79047,11.80719,285.06366,0.9589930978481527,0.1506276150627615,0.9874786568013659,0.1935483870967742,0.9887670862092299,0.2719665271966527,0.9988616960728515,0.31989247311827956,0.9979699553390174,0.48786610878661085,1.0,0.5833333333333334,0.9759951543898363,0.715659078669838,0.9798846099942383,0.7212746207176631,ArQ,4,292.45238784978943,6646.031648874283,decayfeatures,XGBoostMAEPOReg,10,8584,2024-11-29 17:19:07,True
0,0.9889724780174297,10,2.8763955214376113,14.358772473434621,0.0258764101542105,50,5318.467494773384,76.0050493128347,1931.4995,839076.7,0.49225232,451307.78,43.94883,916.0113,0.7016069,671.79443,0.9961845278739929,-0.18148303031921387,0.9999979138374329,-0.1305614709854126,1.8621614,593.6162,0.45209095,436.41293,0.3935852,366.5431,0.3182373,275.23383,0.9988217967599411,0.14325529542920848,1.0,0.18281535648994515,0.9988217967599411,0.27480490523968787,1.0,0.3327239488117002,0.9988217967599411,0.4955406911928651,1.0,0.5959780621572212,0.9994361326722131,0.6366126661063167,0.9998103144138636,0.6388192554660375,IDPP,0,298.90110784669116,6646.031648874283,decayfeatures,XGBoostMAEPOReg,10,8584,2024-11-29 17:19:07,True
1,0.29489758520048526,4,0.291732882915941,5.192089041374387,0.07022834985764341,30,298.34549048893894,14.457314723643993,47934.066,650494.2,30304.326,266567.1,218.93849,806.5322,174.08138,516.30133,0.9053112268447876,0.08405524492263794,0.8702031373977661,0.33222848176956177,119.94949,493.66855,107.14399,305.6638,62.887726,290.9021,64.200745,182.28381,0.6225331369661267,0.18840579710144928,0.6099873577749684,0.2595978062157221,0.8189985272459499,0.3500557413600892,0.8362831858407079,0.4954296160877514,0.930780559646539,0.5769230769230769,0.9519595448798989,0.7367458866544789,0.8946593389318374,0.7000747824496416,0.886757304895969,0.7358070699894098,IDPP,0,298.90110784669116,6646.031648874283,decayfeatures,XGBoostMAEPOReg,10,8584,2024-11-29 17:19:07,False
2,0.578376429437093,4,5.934124815342514,6.295546558422284,0.025664790016446153,50,1211.1570825917515,174.79854309911977,41179.727,700226.2,25554.271,287123.75,202.92789,836.79517,159.85704,535.8393,0.9186537265777588,0.01402890682220459,0.8905481696128845,0.2807324528694153,116.83724,511.93793,105.61879,344.85495,67.04561,297.88156,73.21619,225.2662,0.6101620029455082,0.173355629877369,0.5903919089759798,0.23217550274223034,0.8192930780559646,0.32274247491638797,0.8381795195954488,0.4259597806215722,0.9397643593519882,0.5713489409141583,0.961441213653603,0.676416819012797,0.8936375641730482,0.6915503919857104,0.8853830848478834,0.7200624690000939,IDPP,0,298.90110784669116,6646.031648874283,decayfeatures,XGBoostMAEPOReg,10,8584,2024-11-29 17:19:07,False
3,0.05945392435662629,8,6.671566987675909,1.1469815928006895,60.031476336384145,60,5131.044082788639,25.847831413807317,122255.945,640093.44,45242.62,257251.33,349.65118,800.0584,212.70312,507.1995,0.7584960460662842,0.09870028495788574,0.8062207698822021,0.3555651903152466,145.79156,483.24246,111.572334,284.65973,61.457184,262.38446,60.23712,155.2248,0.6273932253313697,0.205685618729097,0.6434892541087232,0.3071297989031079,0.8091310751104566,0.37848383500557414,0.8463969658659924,0.5612431444241316,0.914580265095729,0.600891861761427,0.9456384323640961,0.7641681901279708,0.8925617020980928,0.7095551066396487,0.8969455018104169,0.7570009517809028,IDPP,0,298.90110784669116,6646.031648874283,decayfeatures,XGBoostMAEPOReg,10,8584,2024-11-29 17:19:07,False
4,0.14788358377825098,12,4.037000686156782,0.04585817723633227,51.29019161911274,40,1788.2832527607136,1506.5860993249594,54273.863,671666.4,18903.395,275863.56,232.96751,819.55255,137.48961,525.2272,0.8927876353263855,0.054243266582489014,0.9190346598625183,0.308940052986145,95.97165,495.151,73.04726,295.0511,39.64554,269.4082,40.496155,165.1138,0.7562592047128129,0.20903010033444816,0.7762326169405815,0.32541133455210236,0.8784977908689249,0.3712374581939799,0.9209860935524652,0.5319926873857403,0.9493372606774668,0.5975473801560758,0.9734513274336283,0.7495429616087751,0.928344967208886,0.7059771210498909,0.9285429585829126,0.7547957692668606,IDPP,0,298.90110784669116,6646.031648874283,decayfeatures,XGBoostMAEPOReg,10,8584,2024-11-29 17:19:07,False
0,0.8844730302937517,10,7.534330096870638,0.2486528079375972,0.12014662261383692,90,192.43034993057083,7843.684950031122,11.990141,746261.06,6.0652065,331997.8,3.4626782,863.864,2.462764,576.1925,0.999989926815033,-3.132017135620117,0.9999872446060181,-1.7477731704711914,2.1475825,625.7302,1.6485385,429.81946,1.375,458.68176,1.1067505,332.34372,1.0,0.10884718498659518,1.0,0.14214876033057852,1.0,0.2162645218945487,1.0,0.2809917355371901,1.0,0.40732797140303845,1.0,0.5289256198347108,0.9986289773995248,0.6519412647961778,0.9985503051239952,0.6668260980235986,PROACT,1,563.3941033633331,6646.031648874283,decayfeatures,XGBoostMAEPOReg,10,8584,2024-11-29 17:19:07,False
1,0.6668070828402636,10,1.2359851322384146,62.799622746789765,0.6304469295312833,60,167.65264451568498,51.41394643250001,15.095091,622283.7,8.0531,240868.52,3.88524,788.8496,2.8377984,490.78357,0.9999873042106628,-2.445559501647949,0.9999830722808838,-0.9935433864593506,2.409622,517.89813,1.9061264,326.1846,1.451477,334.01843,1.2734375,221.76767,1.0,0.14405719392314567,1.0,0.2049586776859504,1.0,0.2872207327971403,1.0,0.4090909090909091,1.0,0.529579982126899,1.0,0.7049586776859504,0.9985019354295184,0.66557163079446,0.9982608406806686,0.7077739550745701,PROACT,1,563.3941033633331,6646.031648874283,decayfeatures,XGBoostMAEPOReg,10,8584,2024-11-29 17:19:07,True
2,0.9043457253566313,8,0.12841623760847382,2.941573161810305,0.202572089167864,60,4548.061177879579,117.98024128079854,0.25012645,793387.9,0.12642345,411850.9,0.5001264,890.7232,0.35556075,641.7561,0.9999997615814209,-3.392956256866455,0.9999997615814209,-2.4086754322052,0.32100093,596.94666,0.24873522,430.29767,0.2078247,413.95325,0.18035889,301.61993,1.0,0.12386058981233244,1.0,0.18264462809917356,1.0,0.23378016085790884,1.0,0.32231404958677684,1.0,0.44450402144772116,1.0,0.5768595041322314,0.9999278527083914,0.6356932076026173,0.9999549194719409,0.6661384219990639,PROACT,1,563.3941033633331,6646.031648874283,decayfeatures,XGBoostMAEPOReg,10,8584,2024-11-29 17:19:07,False
3,0.9094497994106012,10,0.2566303041809072,52.20942797771148,5.802132870760368,100,32.886793022793,25.787381713852785,10.384082,514138.66,4.7442856,208568.67,3.222434,717.0346,2.178138,456.6932,0.9999912977218628,-1.8467645645141602,0.9999900460243225,-0.7262144088745117,1.7615917,524.41986,1.3562485,350.51312,0.99328613,399.61157,0.875,285.5862,1.0,0.12332439678284182,1.0,0.1884297520661157,1.0,0.24361036639857014,1.0,0.34710743801652894,1.0,0.46112600536193027,1.0,0.6016528925619835,0.9989222718241076,0.6577288881380396,0.9989299306234399,0.6942715560774139,PROACT,1,563.3941033633331,6646.031648874283,decayfeatures,XGBoostMAEPOReg,10,8584,2024-11-29 17:19:07,False
4,0.9332695084067919,10,0.7534017099484186,10.516039540919325,10.363459483491251,100,1363.2461375504056,23.594614493955564,0.96370625,666782.56,0.2912828,267255.06,0.9816854,816.56757,0.53970623,516.96716,0.9999991655349731,-2.6919479370117188,0.9999994039535522,-1.2119309902191162,0.4883444,603.75824,0.3530392,395.01364,0.26428223,459.08997,0.234375,331.28015,1.0,0.09401251117068811,1.0,0.11983471074380166,1.0,0.19177837354781055,1.0,0.256198347107438,1.0,0.3966041108132261,1.0,0.5504132231404959,0.9998389009233957,0.6890521701700458,0.9998956029876527,0.7281264283817922,PROACT,1,563.3941033633331,6646.031648874283,decayfeatures,XGBoostMAEPOReg,10,8584,2024-11-29 17:19:07,False
0,0.4228517846555483,10,0.10113231069171438,0.16193110912440742,0.03863879405158731,10,36.206007257447396,108.81335003635891,1643.2603,1101646.2,4.011204,466007.4,40.537148,1049.5934,2.002799,682.64734,0.9948006868362427,0.41248375177383423,0.9999810457229614,0.20722991228103638,2.789908,624.8829,1.2755122,450.40393,1.0218506,351.29028,0.8482666,308.55164,0.999187982135607,0.1397489539748954,1.0,0.17204301075268819,0.999187982135607,0.2778242677824268,1.0,0.3118279569892473,0.999187982135607,0.5062761506276151,1.0,0.5672043010752689,0.9980397214331527,0.7581143696988736,0.9987873148854665,0.7690946537870217,ArQ,4,291.027829104388,6507.957113027573,classes+decay,XGBoostMAEPOReg,26,8584,2024-11-29 17:16:49,False
1,0.40279979948836325,8,4.250025692592619,5.5065298979459945,0.06573686655138336,90,12.082666253305458,1026.6030035164245,9235.534,1198260.0,2889.5178,389409.06,96.101685,1094.6506,53.754234,624.0265,0.9707785248756409,0.36095887422561646,0.9863526821136475,0.3375387191772461,45.025288,624.90137,31.989727,404.22235,22.750366,362.74146,19.061829,272.91583,0.8859114900527811,0.1414225941422594,0.93340922026181,0.18548387096774194,0.9588577615374205,0.2870292887029289,0.983494593056346,0.3736559139784946,0.9901204493165516,0.49874476987447697,0.9982925441092771,0.5967741935483871,0.9584151498802623,0.7423477258448145,0.963791389611266,0.7421750355350564,ArQ,4,291.027829104388,6507.957113027573,classes+decay,XGBoostMAEPOReg,26,8584,2024-11-29 17:16:49,False
2,0.4231317543434557,8,1.4898306920928144,0.0620020367716472,15.957993164212978,100,87.15103205978144,1193.8997108268645,16204.338,1136391.4,6795.8623,314193.03,127.29626,1066.0166,82.43702,560.52924,0.9487289786338806,0.3939538598060608,0.9679028987884521,0.4654959440231323,61.47864,579.26,46.86391,352.06595,29.461792,321.0874,28.396484,237.41547,0.8357017187711463,0.1682008368200837,0.8833238474672738,0.19623655913978494,0.9277304100690216,0.31213389121338914,0.9635742743312464,0.3844086021505376,0.976857490864799,0.5456066945606695,0.9931701764371087,0.6801075268817204,0.9441795199118884,0.7705720167840955,0.9485650217232197,0.7754184434194877,ArQ,4,291.027829104388,6507.957113027573,classes+decay,XGBoostMAEPOReg,26,8584,2024-11-29 17:16:49,False
3,0.8776252607730779,12,0.9419376925608013,0.01432910723846785,0.04778831065857701,90,19.726066891840954,183.36771578903645,1630.3411,1290663.8,9.1238553e-07,589475.6,40.377483,1136.0739,0.00095518876,767.77313,0.9948415756225586,0.31167924404144287,1.0,-0.0028138160705566406,0.89967,678.0664,0.00068241614,471.9411,0.00061035156,354.938,0.00048828125,253.67651,0.999187982135607,0.15481171548117154,1.0,0.21505376344086022,0.999187982135607,0.2920502092050209,1.0,0.3763440860215054,0.999187982135607,0.5054393305439331,1.0,0.5994623655913979,0.9998247397250157,0.734253691154692,1.0,0.7456270124445218,ArQ,4,291.027829104388,6507.957113027573,classes+decay,XGBoostMAEPOReg,26,8584,2024-11-29 17:16:49,False
4,0.9583106348489969,8,6.949583428109686,0.1828363420984453,5.571905096939268,90,11.34657614700661,1780.053047046497,3914.5178,1306779.4,567.50085,615657.06,62.56611,1143.1445,23.822277,784.6382,0.9876143336296082,0.30308467149734497,0.9973196983337402,-0.047353506088256836,24.713163,720.95013,15.718601,526.854,13.648682,458.6079,11.104187,358.11438,0.9606171335769387,0.1087866108786611,0.9908935685828116,0.13440860215053763,0.9856543510623901,0.2192468619246862,0.9988616960728515,0.25268817204301075,0.9971579374746244,0.41589958158995816,1.0,0.5026881720430108,0.9772291634711017,0.7136662478122335,0.9815722472242553,0.6924114524410409,ArQ,4,291.027829104388,6507.957113027573,classes+decay,XGBoostMAEPOReg,26,8584,2024-11-29 17:16:49,True
0,0.9889724780174297,10,2.8763955214376113,14.358772473434621,0.0258764101542105,50,5318.467494773384,76.0050493128347,1931.6725,872762.06,0.53002244,441564.6,43.950798,934.21735,0.7280264,664.5033,0.9961841702461243,-0.22891461849212646,0.9999977350234985,-0.10615408420562744,1.8967962,603.772,0.48982087,440.5677,0.41278076,384.75525,0.3494568,301.14294,0.9988217967599411,0.14214046822742474,1.0,0.1846435100548446,0.9988217967599411,0.2814938684503902,1.0,0.35648994515539306,0.9988217967599411,0.47714604236343366,1.0,0.5539305301645339,0.9994011311653244,0.6365355194860542,0.9997919061080359,0.6207421209968229,IDPP,0,298.1061985091321,6507.957113027573,classes+decay,XGBoostMAEPOReg,26,8584,2024-11-29 17:16:49,True
1,0.29489758520048526,4,0.291732882915941,5.192089041374387,0.07022834985764341,30,298.34549048893894,14.457314723643993,46831.17,630563.4,27011.58,249087.1,216.4051,794.0802,164.352,499.08627,0.9074898958206177,0.11211937665939331,0.8843063712120056,0.3760172128677368,117.318306,492.5799,100.367325,299.78027,60.635468,293.80093,62.137115,186.05383,0.637260677466863,0.18283166109253066,0.6441213653603034,0.26142595978062155,0.8248895434462444,0.3338907469342252,0.8609355246523388,0.4826325411334552,0.9300441826215022,0.5702341137123745,0.9570164348925411,0.7349177330895795,0.8961792337709824,0.6914393381815421,0.8982717001911262,0.7346240465434267,IDPP,0,298.1061985091321,6507.957113027573,classes+decay,XGBoostMAEPOReg,26,8584,2024-11-29 17:16:49,False
2,0.578376429437093,4,5.934124815342514,6.295546558422284,0.025664790016446153,50,1211.1570825917515,174.79854309911977,40264.992,718538.6,24537.256,274709.06,200.66139,847.66656,156.64372,524.12695,0.9204607009887695,-0.011756420135498047,0.8949041962623596,0.3118321895599365,112.51274,520.6699,96.639786,336.8454,63.186127,301.56406,63.70569,211.02863,0.627540500736377,0.1616499442586399,0.6485461441213654,0.22486288848263253,0.8363770250368189,0.326644370122631,0.8685208596713021,0.4369287020109689,0.9415316642120766,0.5635451505016722,0.9671302149178256,0.6727605118829981,0.8989963991005568,0.6834708388886158,0.89877112553184,0.7081853157633685,IDPP,0,298.1061985091321,6507.957113027573,classes+decay,XGBoostMAEPOReg,26,8584,2024-11-29 17:16:49,False
3,0.05945392435662629,8,6.671566987675909,1.1469815928006895,60.031476336384145,60,5131.044082788639,25.847831413807317,121620.72,635534.94,44378.547,252973.31,348.7416,797.20447,210.66217,502.96454,0.7597508430480957,0.10511910915374756,0.8099216818809509,0.36628198623657227,144.47495,479.7564,109.87481,280.33304,60.77591,259.03873,58.63623,160.1698,0.6326951399116347,0.21348940914158304,0.6554993678887484,0.3235831809872029,0.8114874815905744,0.3717948717948718,0.8508217446270544,0.5338208409506399,0.9142857142857143,0.5981047937569677,0.9462705436156763,0.7659963436928702,0.8943321877505148,0.7122141764380534,0.9002357863868178,0.7673096773328686,IDPP,0,298.1061985091321,6507.957113027573,classes+decay,XGBoostMAEPOReg,26,8584,2024-11-29 17:16:49,False
4,0.14788358377825098,12,4.037000686156782,0.04585817723633227,51.29019161911274,40,1788.2832527607136,1506.5860993249594,57415.527,668214.1,19801.012,278975.03,239.61537,817.44366,140.71606,528.18085,0.8865815997123718,0.05910426378250122,0.9151900410652161,0.30114561319351196,99.125885,490.0993,74.04172,288.0703,41.796753,263.11456,41.232544,153.59015,0.7509572901325479,0.21739130434782608,0.7812895069532237,0.340036563071298,0.870839469808542,0.38405797101449274,0.9152970922882427,0.56672760511883,0.94860088365243,0.5997770345596433,0.972819216182048,0.7605118829981719,0.9255307331469481,0.7090048148201146,0.9270606897832302,0.7653927101626071,IDPP,0,298.1061985091321,6507.957113027573,classes+decay,XGBoostMAEPOReg,26,8584,2024-11-29 17:16:49,False
0,0.8844730302937517,10,7.534330096870638,0.2486528079375972,0.12014662261383692,90,192.43034993057083,7843.684950031122,24.26768,743624.1,11.517311,405464.12,4.9262238,862.3364,3.3937163,636.7606,0.9999796152114868,-3.1174163818359375,0.9999758005142212,-2.3558154106140137,2.8403008,629.6438,2.0967536,461.49158,1.6714478,468.08118,1.3925781,346.57217,1.0,0.116532618409294,1.0,0.16115702479338842,1.0,0.21876675603217158,1.0,0.28512396694214875,1.0,0.4014298480786416,1.0,0.5214876033057851,0.9980582968040991,0.6314287086869171,0.9981849155807796,0.6548523241396865,PROACT,4,553.0409565909997,6507.957113027573,classes+decay,XGBoostMAEPOReg,26,8584,2024-11-29 17:16:49,False
1,0.6668070828402636,10,1.2359851322384146,62.799622746789765,0.6304469295312833,60,167.65264451568498,51.41394643250001,16.788486,668699.56,10.163884,305156.9,4.0973754,817.74054,3.1880846,552.4101,0.9999858736991882,-2.7025623321533203,0.9999786019325256,-1.5256249904632568,2.4785564,550.9919,1.9472591,365.26797,1.4551392,366.99878,1.2660828,244.07793,1.0,0.1424486148346738,1.0,0.20909090909090908,1.0,0.26845397676496874,1.0,0.3950413223140496,1.0,0.4902591599642538,1.0,0.656198347107438,0.998483002366969,0.6676488512614193,0.9984933612990785,0.7167130591387696,PROACT,4,553.0409565909997,6507.957113027573,classes+decay,XGBoostMAEPOReg,26,8584,2024-11-29 17:16:49,False
2,0.9043457253566313,8,0.12841623760847382,2.941573161810305,0.202572089167864,60,4548.061177879579,117.98024128079854,0.19866772,1055793.9,0.1195407,572324.6,0.44572157,1027.5183,0.34574658,756.5214,0.9999998211860657,-4.845887660980225,0.9999997615814209,-3.736833095550537,0.29009145,661.211,0.22891241,524.3085,0.18734741,417.13086,0.15106201,343.33478,1.0,0.12421805183199285,1.0,0.14380165289256197,1.0,0.2378909740840036,1.0,0.2727272727272727,1.0,0.44700625558534407,1.0,0.5148760330578512,0.9999406241233656,0.6228232363904078,0.9999691554281701,0.645367184784364,PROACT,4,553.0409565909997,6507.957113027573,classes+decay,XGBoostMAEPOReg,26,8584,2024-11-29 17:16:49,False
3,0.9094497994106012,10,0.2566303041809072,52.20942797771148,5.802132870760368,100,32.886793022793,25.787381713852785,10.119914,552782.8,4.7172904,176009.5,3.1811812,743.49365,2.1719325,419.53485,0.9999914765357971,-2.0607359409332275,0.9999901056289673,-0.4567389488220215,1.7782471,529.4233,1.3571339,313.8199,1.0317383,387.86743,0.86499023,227.92554,1.0,0.1320822162645219,1.0,0.20743801652892563,1.0,0.25701519213583557,1.0,0.41074380165289254,1.0,0.47238605898123326,1.0,0.6760330578512397,0.9989332507597871,0.6920638439923471,0.9989251853046969,0.7361807910532323,PROACT,4,553.0409565909997,6507.957113027573,classes+decay,XGBoostMAEPOReg,26,8584,2024-11-29 17:16:49,False
4,0.9332695084067919,10,0.7534017099484186,10.516039540919325,10.363459483491251,100,1363.2461375504056,23.594614493955564,0.8537997,509051.3,0.3608427,231340.34,0.92401284,713.47833,0.60070187,480.97852,0.9999992847442627,-1.818596363067627,0.9999992251396179,-0.9146836996078491,0.45360267,514.9747,0.3383825,371.19525,0.23864746,381.35388,0.19866943,303.07425,1.0,0.12618409294012511,1.0,0.15123966942148762,1.0,0.2541554959785523,1.0,0.31157024793388427,1.0,0.47774798927613943,1.0,0.587603305785124,0.9998353159648065,0.6693008084543977,0.9998647584158228,0.6743823232364702,PROACT,4,553.0409565909997,6507.957113027573,classes+decay,XGBoostMAEPOReg,26,8584,2024-11-29 17:16:49,True
